Time,Fz,Mx,My,CoPx,CoPy,smoothMx,smoothMy,smoothCoPx,smoothCoPy
0.0,733.539695,54.866495,-9.439786,0.012869,0.074797,57.9544832,-15.554768900000001,0.021191019999999998,0.07895442
0.1,733.531705,55.879665,-8.929566,0.012173,0.076179,57.929329800000005,-15.3993327,0.020979619999999997,0.07892184
0.2,733.431785,55.780815,-8.906006,0.012143,0.076055,57.891544399999994,-15.2456185,0.02077022,0.07887094
0.3,734.217015,54.972405,-8.927236,0.012159,0.074872,57.847486599999996,-15.0892547,0.0205571,0.0788104
0.4,732.135215,54.694405,-8.259346,0.011281,0.074705,57.808147600000005,-14.9177573,0.020324199999999997,0.07876121999999999
0.5,735.475785,56.409925,-7.904926,0.010748,0.076699,57.8034836,-14.743186099999997,0.02008606,0.07875222
0.6,732.775375,55.608485,-8.037076,0.010968,0.075887,57.7879766,-14.569941100000001,0.01985022,0.07873302
0.7,733.183655,54.836155,-8.324066,0.011353,0.074792,57.7447256,-14.4037605,0.0196241,0.07867585999999999
0.8,734.497905,55.932005,-7.903846,0.010761,0.07615,57.719756600000004,-14.227853499999998,0.019385100000000002,0.07864354
0.9,734.260735,58.882775,-7.353076,0.010014,0.080193,57.75354960000001,-14.0449027,0.019135,0.07868634000000001
1.0,732.108545,59.091385,-7.552456,0.010316,0.080714,57.781118,-13.8694911,0.0188965,0.07872788
1.1,733.878685,58.799755,-7.747056,0.010556,0.080122,57.814769399999996,-13.690900899999999,0.01865326,0.07877412
1.2,733.019755,59.866775,-7.484286,0.01021,0.081671,57.8772714,-13.5084105,0.01840486,0.07886130000000001
1.3,733.854555,59.730125,-7.595716,0.01035,0.081392,57.9370056,-13.329966900000002,0.018161860000000002,0.07894326
1.4,733.653985,57.232705,-8.126426,0.011077,0.07801,57.9444514,-13.1594833,0.01792968,0.07895402000000001
1.5,732.696205,55.824815,-8.148336,0.011121,0.076191,57.9142714,-12.9974537,0.0177084,0.07891237999999999
1.6,733.853975,55.015345,-8.436176,0.011496,0.074968,57.862149200000005,-12.8447465,0.01750108,0.07884412
1.7,733.955875,55.230495,-8.684916,0.011833,0.07525,57.8166896,-12.7041471,0.01730976,0.0787831
1.8,734.748955,54.615985,-9.150896,0.012454,0.074333,57.7596554,-12.5888603,0.01715214,0.07870272
1.9,732.182775,53.141645,-9.371996,0.0128,0.07258,57.6543754,-12.4917289,0.01702054,0.07856332
2.0,734.825155,51.986615,-8.953876,0.012185,0.070747,57.5200378,-12.38490608,0.0168751,0.07838022
2.1,733.833625,51.503676,-9.446236,0.012872,0.070184,57.37056782,-12.28967366,0.01674518,0.07817597999999999
2.2,733.347025,50.268776,-10.202936,0.013913,0.068547,57.19159864,-12.21402204,0.01664226,0.07793292
2.3,733.800705,47.634746,-10.882626,0.01483,0.064915,56.97458466,-12.15154464,0.01655712,0.07763724
2.4,733.053435,47.710446,-11.014066,0.015025,0.065085,56.770157880000006,-12.09526224,0.016480520000000002,0.07735916
2.5,733.067195,51.377736,-10.063106,0.013727,0.070086,56.65290949999999,-12.01601504,0.0163729,0.07720124
2.6,732.081855,53.194596,-10.060976,0.013743,0.072662,56.56887592,-11.930493839999999,0.016257220000000003,0.077091
2.7,735.429375,53.894405,-10.568506,0.014371,0.073283,56.500147919999996,-11.84666064,0.0161422,0.07699354
2.8,733.269115,54.061615,-10.947326,0.014929,0.073727,56.44233312,-11.761992639999999,0.01602702,0.0769158
2.9,734.096355,55.090415,-11.216066,0.015279,0.075045,56.39600652,-11.683069439999999,0.015919299999999997,0.0768519
3.0,733.376885,55.599735,-11.484126,0.015659,0.075813,56.34205332,-11.60631602,0.015815239999999998,0.07678066
3.1,733.698925,56.095905,-11.417766,0.015562,0.076456,56.287877120000005,-11.521105,0.015698900000000002,0.07670606
3.2,734.641865,54.929815,-11.704436,0.015932,0.074771,56.23448851999999,-11.439437799999999,0.0155873,0.07663184
3.3,733.609845,52.456726,-11.411776,0.015556,0.071505,56.128870739999996,-11.3506008,0.01546646,0.07648875999999999
3.4,733.777235,51.088196,-11.879046,0.016189,0.069624,56.00228035999999,-11.2631368,0.0153474,0.07631672
3.5,733.169585,50.724076,-12.504786,0.017056,0.069185,55.86521038,-11.1855436,0.01524254,0.07613318000000001
3.6,734.545335,50.386166,-13.237346,0.018021,0.068595,55.715193,-11.119912,0.0151523,0.0759258
3.7,733.850265,50.004336,-13.659016,0.018613,0.06814,55.56020282,-11.0587582,0.01506972,0.07571718
3.8,733.331505,50.558636,-13.393346,0.018264,0.068944,55.41523324,-10.9944702,0.0149819,0.07551896
3.9,734.700535,51.121316,-12.905416,0.017566,0.069581,55.27029366,-10.92311638,0.014884860000000001,0.07532193999999999
4.0,732.472645,51.397476,-12.106776,0.016529,0.07017,55.145605880000005,-10.834512380000001,0.01476456,0.075154
4.1,734.920635,52.498186,-11.596206,0.015779,0.071434,55.0266033,-10.74236496,0.01463878,0.07499066
4.2,733.126475,52.396156,-11.220576,0.015305,0.071469,54.89042972,-10.650681140000001,0.014514639999999999,0.07480838000000001
4.3,733.587125,53.312815,-10.684126,0.014564,0.072674,54.758758719999996,-10.56024232,0.01439102,0.07462754
4.4,733.742565,53.970225,-10.259306,0.013982,0.073555,54.62057532,-10.4662089,0.014264319999999999,0.07444511999999999
4.5,733.743205,53.932625,-10.036996,0.013679,0.073503,54.45792032,-10.38449328,0.014153180000000001,0.07422448
4.6,734.102825,53.735525,-10.082236,0.013734,0.073199,54.31642471999999,-10.29524146,0.014030820000000001,0.07402851999999999
4.7,733.496355,52.166876,-10.421716,0.014208,0.071121,54.16130234,-10.20526604,0.013908640000000002,0.07381904
4.8,733.382985,48.599116,-11.010406,0.015013,0.066267,53.94159176,-10.12215742,0.01379592,0.07352183999999999
4.9,733.938365,45.166946,-12.324046,0.016792,0.061541,53.665520779999994,-10.0595672,0.01371118,0.07314776
5.0,733.681025,43.049016,-12.431636,0.016944,0.058675,53.4291712,-10.1194042,0.01379268,0.07282532
5.1,732.113935,43.382906,-12.140046,0.016582,0.059257,53.17923602,-10.1836138,0.01388086,0.07248688
5.2,732.661695,46.614456,-11.581566,0.015808,0.063623,52.99590884,-10.237124999999999,0.01395416,0.07223824
5.3,733.470745,49.663596,-11.665016,0.015904,0.06771,52.88973266000001,-10.291880599999999,0.01402906,0.07209499999999999
5.4,734.593335,51.769856,-11.125526,0.015145,0.070474,52.831241680000005,-10.349204199999999,0.01410634,0.07201038
5.5,733.812635,54.992705,-11.013356,0.015008,0.074941,52.802897279999996,-10.411372799999999,0.01419154,0.07197522
5.6,734.310775,57.860255,-11.217986,0.015277,0.078795,52.84793267999999,-10.474991,0.01427772,0.07203338000000001
5.7,732.681685,57.707725,-12.174466,0.016616,0.078762,52.90536408,-10.551999,0.014382979999999998,0.07211278
5.8,733.925925,58.005375,-12.594096,0.01716,0.079034,52.94683148,-10.645803999999998,0.01451096,0.07217045999999999
5.9,734.547755,57.664865,-13.326876,0.018143,0.078504,52.92247327999999,-10.76528,0.01467354,0.07213668000000001
6.0,734.852035,55.851655,-14.948566,0.020342,0.076004,52.85767868,-10.913202199999999,0.01487406,0.07204248
6.1,734.993535,52.653956,-14.278146,0.019426,0.071639,52.734762700000005,-11.043823999999999,0.01505146,0.07187282
6.2,733.134925,50.397216,-13.828576,0.018862,0.068742,52.545371519999996,-11.1707098,0.0152245,0.07161424
6.3,733.276505,50.744826,-12.605476,0.017191,0.069203,52.36566554,-11.270905,0.015361319999999998,0.07137046000000001
6.4,733.861025,53.132886,-11.184346,0.01524,0.072402,52.28366916,-11.3320634,0.01544458,0.0712583
6.5,733.168875,54.977195,-10.363526,0.014135,0.074986,52.26671676000001,-11.376367199999999,0.01550486,0.0712342
6.6,736.552345,57.206595,-10.138576,0.013765,0.077668,52.31054176,-11.4104152,0.01555024,0.0712882
6.7,731.541355,58.104895,-9.432866,0.012895,0.079428,52.36802976,-11.4253742,0.01557148,0.07137176
6.8,735.480335,62.635235,-8.550757,0.011626,0.085162,52.52841476,-11.41337142,0.015554920000000002,0.07158834
6.9,734.290625,61.839955,-8.592447,0.011702,0.084217,52.70238096,-11.397780439999998,0.01553296,0.07182108
7.0,732.467315,57.871575,-9.343146,0.012756,0.079009,52.820080159999996,-11.40556584,0.01554438,0.07198631999999999
7.1,733.364975,56.035165,-9.404586,0.012824,0.076408,52.91070994,-11.404732840000001,0.015543419999999999,0.0721108
7.2,733.406815,57.721935,-8.721186,0.011891,0.078704,53.05977312,-11.37509784,0.01550298,0.07231394
7.3,734.252185,57.741845,-9.053386,0.01233,0.07864,53.261915099999996,-11.33851304,0.01545298,0.07258844
7.4,732.864605,56.827785,-9.007486,0.012291,0.077542,53.44426187999999,-11.298381439999998,0.015398299999999998,0.07283758000000001
7.5,734.891705,56.202785,-8.916446,0.012133,0.076478,53.54076286,-11.275448240000001,0.01536642,0.07296542
7.6,733.104745,56.294875,-8.942226,0.012198,0.07679,53.60276844,-11.25307324,0.015335519999999998,0.07304798
7.7,733.513025,56.767915,-9.297706,0.012676,0.077392,53.66023864000001,-11.22765724,0.01530162,0.07313016
7.8,733.657045,56.250875,-9.695776,0.013216,0.076672,53.70402384,-11.202626239999999,0.015267359999999999,0.07318906
7.9,733.162185,55.989925,-9.939986,0.013558,0.076368,53.722014040000005,-11.17710464,0.015232940000000002,0.07321551999999999
8.0,735.126675,57.024325,-10.071696,0.013701,0.077571,53.75050584,-11.14885604,0.01519378,0.07325068
8.1,731.242425,58.000765,-9.900296,0.013539,0.079318,53.78860304,-11.118506639999998,0.01515332,0.07330792
8.2,735.812765,58.608505,-10.117996,0.013751,0.079651,53.862176840000004,-11.08677784,0.015109700000000002,0.07340552
8.3,733.057705,58.341155,-10.186166,0.013895,0.079586,53.97986542,-11.06226564,0.015076480000000001,0.07356714
8.4,732.967685,59.569695,-9.877226,0.013476,0.081272,54.149495400000006,-11.022229240000001,0.01502222,0.0738001
8.5,735.819255,61.064485,-9.720937,0.013211,0.082988,54.35630358,-10.966552259999998,0.014945320000000002,0.07407616
8.6,732.906545,60.138545,-10.347286,0.014118,0.082055,54.551351159999996,-10.908751060000002,0.01486726,0.07434536
8.7,735.121255,59.664505,-11.187936,0.015219,0.081163,54.744554539999996,-10.85932946,0.01479938,0.07460582
8.8,732.646935,58.284995,-11.877686,0.016212,0.079554,54.899081720000005,-10.829016260000001,0.014758340000000002,0.07481802
8.9,734.325265,56.844885,-12.161606,0.016562,0.077411,55.013553099999996,-10.81414006,0.014738259999999998,0.07497462
9.0,733.163985,57.653615,-11.920446,0.016259,0.078637,55.13867588,-10.81041346,0.01473286,0.07514396
9.1,733.703635,59.943535,-12.591876,0.017162,0.0817,55.28758286,-10.83032686,0.01476052,0.07534928
9.2,733.793115,62.377485,-12.399957,0.016898,0.085007,55.487209439999994,-10.85391448,0.01479238,0.07562004
9.3,734.242755,62.197215,-12.822627,0.017464,0.084709,55.664897440000004,-10.896684500000001,0.014850380000000002,0.07586074
9.4,734.226495,60.905505,-13.510357,0.018401,0.082952,55.80360304,-10.96170552,0.01493876,0.07604868
9.5,732.395845,59.195445,-13.862666,0.018928,0.080824,55.90885944000001,-11.038218919999998,0.015043739999999998,0.0761951
9.6,734.765595,59.343495,-13.706127,0.018654,0.080765,56.021018839999996,-11.110696740000002,0.01514214,0.07634642
9.7,732.840765,58.861455,-13.752836,0.018766,0.08032,56.15491041999999,-11.177319140000002,0.015233299999999998,0.0765304
9.8,733.851905,58.527705,-13.905386,0.018948,0.079754,56.3534822,-11.23521874,0.015312000000000001,0.07680014
9.9,733.673585,58.608505,-13.639086,0.01859,0.079884,56.62231338000001,-11.26151954,0.01534796,0.077167
10.0,733.310675,58.652365,-13.016336,0.01775,0.079983,56.934380360000006,-11.273213539999999,0.01536408,0.07759316
10.1,733.365145,59.175825,-11.952246,0.016298,0.080691,57.25023873999999,-11.269457539999998,0.015358400000000001,0.07802184
10.2,735.146735,60.175605,-11.419117,0.015533,0.081855,57.521461720000005,-11.26620856,0.015352900000000001,0.07838648
10.3,732.273355,59.533705,-11.329506,0.015472,0.0813,57.718863899999995,-11.25949836,0.015344259999999998,0.07865828000000001
10.4,732.899575,60.328785,-11.067107,0.0151,0.082315,57.890042480000005,-11.258329980000001,0.015343359999999999,0.0788951
10.5,733.385455,60.546715,-11.222377,0.015302,0.082558,58.00112268,-11.262510400000002,0.01534924,0.07904744
10.6,734.955025,57.757665,-11.947686,0.016256,0.078587,57.99907088,-11.2771044,0.01536882,0.07904328
10.7,733.109525,54.681615,-12.411416,0.01693,0.074589,57.938548680000004,-11.2818434,0.015375100000000001,0.07895982
10.8,734.123155,53.180276,-12.630036,0.017204,0.072441,57.84204669999999,-11.282562200000003,0.015375980000000001,0.07882796
10.9,734.005625,52.843806,-12.649556,0.017234,0.071994,57.745625520000004,-11.2690158,0.0153578,0.07869776
11.0,731.956555,52.963266,-11.760946,0.016068,0.072358,57.68785774,-11.205263400000002,0.015272319999999999,0.07862483999999999
11.1,735.123835,55.857575,-9.922736,0.013498,0.075984,57.75193012,-11.1181552,0.01515376,0.07871174
11.2,732.458495,56.701065,-9.637606,0.013158,0.077412,57.878007100000005,-11.034335800000001,0.01503968,0.07888514
11.3,734.325455,57.830435,-10.107166,0.013764,0.078753,58.01971928,-10.9843696,0.01497114,0.07907614
11.4,733.468245,57.766545,-10.264466,0.013994,0.078758,58.11239246,-10.965971999999999,0.014946220000000001,0.07920326
11.5,733.616175,58.535755,-10.554926,0.014388,0.079791,58.18356366,-10.9698,0.01495128,0.07929936
11.6,733.930575,57.897435,-11.267046,0.015352,0.078887,58.197380460000005,-10.9923694,0.01498302,0.07932373999999999
11.7,733.573095,55.833155,-11.975266,0.016325,0.076111,58.15194566,-11.043217399999998,0.015051619999999998,0.07925739999999999
11.8,733.656355,53.354786,-12.747486,0.017375,0.072724,57.966336680000005,-11.127151979999999,0.015166599999999999,0.07900863999999999
11.9,733.993305,51.709936,-13.256346,0.018061,0.07045,57.7637363,-11.220429959999999,0.01529378,0.0787333
12.0,733.197905,51.151736,-13.518226,0.018437,0.069765,57.62933952,-11.30393156,0.0154074,0.07854842
12.1,733.978585,50.340046,-13.937866,0.018989,0.068585,57.51543714,-11.394597159999998,0.0155307,0.07839196
12.2,734.318895,49.865626,-14.068926,0.019159,0.067907,57.35831096,-11.501551959999999,0.015676060000000002,0.07817602
12.3,733.134655,50.357996,-13.826306,0.018859,0.068689,57.210633980000004,-11.597010360000002,0.01580664,0.077977
12.4,733.692465,53.752066,-12.611776,0.017189,0.073262,57.149119600000006,-11.669096160000002,0.0159046,0.0778914
12.5,733.609875,55.059605,-12.345706,0.016829,0.075053,57.12625599999999,-11.73768136,0.015998520000000002,0.0778629
12.6,733.645605,55.496325,-12.168926,0.016587,0.075645,57.110285000000005,-11.80221536,0.0160863,0.07783999999999999
12.7,733.401285,57.199325,-11.774716,0.016055,0.077992,57.118913199999994,-11.85175556,0.01615388,0.07785199999999999
12.8,733.361515,56.720805,-12.259286,0.016717,0.077344,57.1283118,-11.90302576,0.0162239,0.07786544000000001
12.9,733.595265,54.861245,-12.432726,0.016948,0.074784,57.1057382,-11.95288056,0.0162917,0.07783376
13.0,734.352185,53.657736,-12.407956,0.016896,0.073068,57.03840642,-11.99960576,0.016355599999999998,0.0777437
13.1,733.247785,52.762946,-12.560226,0.01713,0.071958,56.93365004,-12.05280436,0.01642742,0.0775965
13.2,731.892295,52.283946,-12.515916,0.017101,0.071437,56.80715886,-12.10076276,0.01649442,0.07743222
13.3,733.889375,52.432136,-12.224456,0.016657,0.071444,56.688978479999996,-12.141528560000001,0.01654966,0.07726938
13.4,734.963615,54.061815,-11.737806,0.015971,0.073557,56.578820879999995,-12.17874016,0.01659956,0.07711508
13.5,732.989725,54.114866,-11.672186,0.015924,0.073828,56.4398285,-12.217765140000001,0.01665382,0.07693188000000001
13.6,733.596135,54.708525,-11.851876,0.016156,0.074576,56.3312281,-12.247856939999998,0.01669458,0.0767823
13.7,734.916525,55.921195,-11.653496,0.015857,0.076092,56.2563619,-12.257168140000001,0.01670734,0.07668088
13.8,734.130285,55.598655,-12.010666,0.01636,0.075734,56.202635099999995,-12.25982774,0.0167103,0.07660448
13.9,731.736415,55.172985,-12.213026,0.01669,0.0754,56.1691971,-12.260856140000001,0.01671286,0.07656426
14.0,734.840265,55.084835,-12.232706,0.016647,0.074962,56.1178215,-12.267101340000002,0.01672062,0.07649076
14.1,734.086115,53.951986,-12.522976,0.017059,0.073495,55.99799052,-12.26572334,0.01671856,0.07632666
14.2,733.064725,51.864556,-13.343196,0.018202,0.07075,55.78773194,-12.28458812,0.016744639999999998,0.07604152
14.3,733.751895,49.864686,-13.894896,0.018937,0.067959,55.54108136,-12.306033499999998,0.0167741,0.07570652
14.4,734.065805,48.844986,-13.047376,0.017774,0.06654,55.29987098000001,-12.29677388,0.01676156,0.07537828
14.5,734.899165,48.670476,-12.938166,0.017605,0.066227,55.08937159999999,-12.278283879999998,0.0167351,0.07508634
14.6,731.542795,49.173936,-12.766916,0.017452,0.067219,54.88598042,-12.25949966,0.01671106,0.07481542000000001
14.7,734.825855,50.172396,-13.071836,0.017789,0.068278,54.71219924,-12.245879659999998,0.01669152,0.07457458
14.8,733.642695,49.571456,-13.471596,0.018363,0.067569,54.53307426000001,-12.237203860000001,0.016679819999999998,0.07433088
14.9,732.517845,48.517666,-13.586476,0.018548,0.066234,54.33125748,-12.23615166,0.01667898,0.07405787999999999
15.0,733.329255,49.157746,-13.097406,0.01786,0.067034,54.1413651,-12.23777306,0.01668118,0.0737989
15.1,733.732255,50.569236,-12.453036,0.016972,0.068921,53.96923332,-12.24778886,0.01669466,0.0735635
15.2,733.544255,51.660886,-11.984906,0.016338,0.070426,53.79893894,-12.25910464,0.01671076,0.07333492000000001
15.3,733.264725,52.926026,-11.942506,0.016287,0.072179,53.66678535999999,-12.27136464,0.016727060000000002,0.0731525
15.4,733.751105,54.313425,-11.809996,0.016095,0.074022,53.54647816,-12.286222420000001,0.01674696,0.07298663999999999
15.5,734.038055,55.580645,-11.766596,0.01603,0.075719,53.44715676,-12.2971068,0.016761520000000002,0.07284986
15.6,733.842685,55.577025,-12.079216,0.01646,0.075734,53.40354396000001,-12.2997374,0.0167656,0.0727928
15.7,733.987205,54.984085,-12.121016,0.016514,0.074912,53.40959336,-12.2939294,0.01675728,0.07279926
15.8,733.538675,52.942636,-12.367396,0.01686,0.072174,53.404840560000004,-12.2886766,0.0167504,0.07279392000000001
15.9,733.790325,51.434676,-13.031326,0.017759,0.070095,53.376657959999996,-12.296312,0.016760900000000002,0.07275594
16.0,734.214795,50.936866,-13.585896,0.018504,0.069376,53.33612996,-12.332811,0.01680962,0.0726963
16.1,732.206745,50.591976,-13.786006,0.018828,0.069095,53.230817980000005,-12.410076400000001,0.01691622,0.07255852
16.2,735.951815,51.495206,-13.762986,0.018701,0.069971,53.1267008,-12.492583999999999,0.01702708,0.0724097
16.3,732.799825,52.157446,-13.676586,0.018663,0.071176,53.01324102,-12.5639724,0.01712506,0.07225816
16.4,733.553475,53.366196,-13.742586,0.018734,0.07275,52.92523404000001,-12.6335348,0.017219859999999997,0.072138
16.5,734.723085,55.091445,-13.677906,0.018616,0.074983,52.85634784,-12.6959944,0.01730442,0.07204184000000001
16.6,733.365245,55.818335,-13.701486,0.018683,0.076113,52.81476584,-12.744683199999999,0.01737104,0.07198636
16.7,733.463975,55.838965,-13.677166,0.018647,0.07613,52.81488204,-12.7787212,0.01741748,0.07198674000000001
16.8,735.361555,56.003205,-13.764026,0.018717,0.076157,52.867850419999996,-12.799052000000001,0.01744432,0.0720554
16.9,732.376265,55.142796,-13.740746,0.018762,0.075293,52.93650762,-12.80874,0.017458340000000003,0.07215226000000001
17.0,734.468495,54.293686,-14.426956,0.019643,0.073922,52.99934662,-12.8269146,0.01748246,0.0722354
17.1,733.318415,53.938626,-13.850116,0.018887,0.073554,53.07131822,-12.825159600000001,0.01748042,0.07233478
17.2,733.481405,54.638576,-13.070826,0.01782,0.074492,53.16677722,-12.8051976,0.017453640000000003,0.07246648
17.3,734.058785,55.816245,-12.071906,0.016445,0.076038,53.2759422,-12.770109599999998,0.017405359999999998,0.07261346
17.4,734.669205,56.334745,-11.848646,0.016128,0.07668,53.32759578,-12.754847,0.017384140000000003,0.07268182
17.5,734.016625,56.394095,-11.561766,0.015751,0.076829,53.35428558,-12.739168200000002,0.01736258,0.07271733999999999
17.6,732.299015,57.242405,-11.140496,0.015213,0.078168,53.38920718,-12.7185996,0.017335100000000003,0.07276780000000001
17.7,735.305915,59.473265,-10.520586,0.014308,0.080882,53.43468598,-12.693517,0.01730016,0.0728256
17.8,733.248975,58.573355,-10.768996,0.014687,0.079882,53.47173698,-12.6637112,0.01725956,0.07287636
17.9,732.922885,57.998005,-10.877496,0.014841,0.079132,53.53447218,-12.632606599999999,0.017217419999999997,0.07296332
18.0,734.100695,58.520205,-10.433196,0.014212,0.079717,53.631721559999995,-12.5931114,0.01716374,0.0730963
18.1,734.150905,59.154365,-10.301086,0.014031,0.080575,53.75954994,-12.5479286,0.01710176,0.07326864000000001
18.2,733.318725,60.615085,-10.261017,0.013993,0.082659,53.926172720000004,-12.50283062,0.017039600000000002,0.07349308
18.3,734.218225,61.347415,-10.550657,0.01437,0.083555,54.104478300000004,-12.469354639999999,0.01699386,0.0737353
18.4,734.992775,60.456285,-11.014107,0.014985,0.082254,54.232367700000005,-12.454880659999999,0.016974140000000002,0.07390924
18.5,732.704045,58.961915,-11.347766,0.015488,0.080472,54.329308680000004,-12.448392259999999,0.01696542,0.07404211999999999
18.6,732.972235,58.822265,-11.591886,0.015815,0.080252,54.41158348000001,-12.44319246,0.0169586,0.07415564
18.7,734.787645,59.163575,-11.746066,0.015986,0.080518,54.47643107999999,-12.44504386,0.01696118,0.07424416
18.8,733.863535,59.512275,-12.192656,0.016614,0.081094,54.55470348,-12.448683659999999,0.01696626,0.07435136
18.9,732.711405,59.269095,-12.414436,0.016943,0.08089,54.636625679999995,-12.452711859999999,0.01697132,0.07446116
19.0,736.013125,60.545095,-12.590197,0.017106,0.082261,54.74583087999999,-12.45986168,0.0169805,0.07460714
19.1,732.109705,60.037145,-12.570086,0.01717,0.082006,54.86753406,-12.46080388,0.01698272,0.07477735999999999
19.2,733.906065,60.102975,-12.546707,0.017096,0.081895,55.032302439999995,-12.4448741,0.016960600000000003,0.07500026
19.3,734.209335,60.400265,-12.570707,0.017121,0.082266,55.243014020000004,-12.41839032,0.01692428,0.07528639999999999
19.4,733.598645,59.842545,-12.791696,0.017437,0.081574,55.4629652,-12.413276719999999,0.01691754,0.07558708
19.5,734.075905,58.657885,-12.787726,0.01742,0.079907,55.66271338000001,-12.41026792,0.01691384,0.07586068
19.6,734.649025,57.455515,-12.583806,0.017129,0.078208,55.828344959999995,-12.40660572,0.01690738,0.07608046
19.7,734.293465,57.769175,-12.762076,0.01738,0.078673,55.98028054,-12.400410520000001,0.0168992,0.07628836
19.8,732.526055,58.060845,-12.609146,0.017213,0.079261,56.15006832,-12.383161519999998,0.0168762,0.0765222
19.9,734.741235,59.889505,-12.433557,0.016922,0.081511,56.3775051,-12.360103140000001,0.01684368,0.07682774
20.0,734.167455,63.545455,-12.465467,0.016979,0.086554,56.665259279999994,-12.347464360000002,0.01682606,0.07721814
20.1,733.318445,63.523885,-12.311637,0.016789,0.086625,56.92435226,-12.344636379999999,0.0168224,0.07757222000000001
20.2,733.648455,62.932125,-12.224197,0.016662,0.08578,57.14977704,-12.3494222,0.01682888,0.0778793
20.3,734.870905,62.916875,-12.158947,0.016546,0.085616,57.349594020000005,-12.353751019999999,0.01683406,0.07814804
20.4,734.582665,61.687475,-12.381317,0.016855,0.083976,57.497075020000004,-12.36517744,0.016849259999999998,0.07834712
20.5,733.013555,59.759465,-12.846527,0.017526,0.081526,57.580651419999995,-12.386776059999999,0.01687918,0.07846325999999999
20.6,734.777745,58.335665,-13.511216,0.018388,0.079392,57.635824219999996,-12.41541606,0.01691774,0.07853642000000001
20.7,733.220275,56.678895,-14.642416,0.01997,0.077301,57.66972042,-12.46584406,0.016986860000000003,0.07858419999999999
20.8,733.249805,56.018985,-15.464756,0.021091,0.076398,57.7312474,-12.527791259999999,0.01707148,0.07866867999999999
20.9,733.960145,54.145596,-15.128076,0.020612,0.073772,57.785465800000004,-12.56972626,0.017128539999999998,0.07874222
21.0,733.993105,51.937196,-14.411836,0.019635,0.07076,57.805472400000006,-12.586245060000001,0.017151160000000002,0.0787699
21.1,733.782555,50.299266,-13.941496,0.018999,0.068548,57.799618200000005,-12.58935486,0.017154580000000003,0.07875896
21.2,732.426365,49.628766,-13.227386,0.01806,0.067759,57.7622894,-12.57864286,0.01714176,0.07871472
21.3,733.335175,51.423146,-11.898856,0.016226,0.070122,57.747603399999996,-12.54308826,0.01709302,0.07869364
21.4,734.256885,55.829545,-10.397376,0.01416,0.076035,57.79687038,-12.476184060000001,0.017001540000000002,0.07875934
21.5,733.735335,58.645445,-9.334906,0.012722,0.079927,57.867950379999996,-12.389324060000002,0.01688366,0.07885821999999999
21.6,732.201685,57.114935,-9.621066,0.01314,0.078004,57.893882379999994,-12.30771566,0.016772799999999997,0.07889604
21.7,733.940145,55.220395,-9.881816,0.013464,0.075238,57.88151098,-12.231808660000002,0.01666914,0.0788782
21.8,734.302925,52.684876,-10.499276,0.014298,0.071748,57.8151444,-12.16651366,0.01658076,0.07879002
21.9,732.089315,50.894996,-10.763816,0.014703,0.06952,57.730188399999996,-12.10697506,0.01649958,0.07867456
22.0,734.520635,50.626476,-10.804746,0.01471,0.068925,57.656844199999995,-12.03453086,0.01640092,0.07857462
22.1,733.414125,52.110026,-10.298716,0.014042,0.071051,57.6202722,-11.963502859999998,0.016304020000000002,0.07852456000000001
22.2,733.959715,54.249365,-10.165916,0.013851,0.073913,57.61248798,-11.905404660000002,0.01622464,0.07851298
22.3,734.189815,54.841505,-10.389056,0.01415,0.074697,57.59299318,-11.87174766,0.01617874,0.07848616
22.4,733.670705,54.302015,-10.810776,0.014735,0.074014,57.55233858,-11.850990260000001,0.01615088,0.07843284
22.5,733.019345,53.306356,-11.300236,0.015416,0.072722,57.490583799999996,-11.845759659999999,0.01614418,0.0783507
22.6,733.815565,52.769406,-11.944116,0.016277,0.071911,57.401123819999995,-11.86183206,0.01616546,0.07822556
22.7,734.679475,51.857946,-12.476006,0.016982,0.070586,57.24881744,-11.90094046,0.01621894,0.07801964
22.8,734.204085,50.742006,-13.231166,0.018021,0.069112,57.09219045999999,-11.95018386,0.01628562,0.07780424
22.9,733.200375,49.909386,-13.052996,0.017803,0.068071,56.93041808,-11.99369386,0.016344860000000003,0.07758302
23.0,734.121205,50.690196,-12.363036,0.016841,0.069049,56.773817900000004,-12.03229066,0.01639744,0.07736965999999999
23.1,733.572065,52.131886,-12.387176,0.016886,0.071066,56.63336832,-12.07401246,0.01645454,0.07717948
23.2,734.327115,54.474345,-11.679706,0.015905,0.074183,56.510553519999995,-12.102386240000001,0.01649278,0.07700996
23.3,732.841825,54.707985,-11.545376,0.015754,0.074652,56.37776492,-12.12228062,0.01652046,0.0768319
23.4,734.595545,55.502325,-11.899426,0.016199,0.075555,56.27868571999999,-12.139987000000001,0.01654474,0.07669792
23.5,732.917215,55.697065,-11.547016,0.015755,0.075994,56.213388720000005,-12.143972000000002,0.01655008,0.07660836
23.6,734.299315,56.531465,-11.680066,0.015906,0.076987,56.16757272000001,-12.1457356,0.016551899999999998,0.07654306
23.7,733.825465,56.587535,-11.795716,0.016074,0.077113,56.11605192,-12.1467286,0.01655366,0.07647496
23.8,734.250345,56.167245,-12.486516,0.017006,0.076496,56.04915132,-12.152605800000002,0.0165615,0.076383
23.9,734.439155,53.943066,-13.594756,0.01851,0.073448,55.942630740000006,-12.1762122,0.01659284,0.07623416
24.0,733.784155,51.700376,-14.194096,0.019344,0.070457,55.76573636,-12.208290179999999,0.016637600000000002,0.07599808000000001
24.1,733.924945,48.768456,-14.769786,0.020124,0.066449,55.54036258,-12.252284179999998,0.01669668,0.07568694000000001
24.2,733.069935,47.422996,-14.459586,0.019725,0.064691,55.286763,-12.290541759999998,0.01674926,0.07534286
24.3,733.650465,47.470236,-13.835726,0.018859,0.064704,55.02816242,-12.315842139999999,0.01678402,0.07499162
24.4,733.668575,47.631956,-13.436376,0.018314,0.064923,54.78395063999999,-12.328735739999999,0.01680156,0.0746586
24.5,733.910515,48.268076,-13.170016,0.017945,0.065768,54.57615446,-12.33638154,0.01681206,0.07437582
24.6,733.751885,48.586756,-12.858966,0.017525,0.066217,54.39877928,-12.341884740000001,0.01681998,0.074136
24.7,734.011025,49.382976,-12.413296,0.016912,0.067278,54.2310553,-12.33490914,0.016810620000000002,0.0739081
24.8,732.472605,49.997766,-11.677476,0.015943,0.068259,54.06979372,-12.316275740000002,0.01678522,0.07368806
24.9,734.688015,52.956676,-11.211836,0.015261,0.07208,53.931137140000004,-12.291841319999998,0.016752,0.07349944
25.0,732.073275,53.186896,-11.032826,0.015071,0.072652,53.72396596000001,-12.263188499999998,0.01671384,0.0732214
25.1,734.075435,53.374605,-10.783636,0.01469,0.07271,53.52098036,-12.23262848,0.016671859999999997,0.0729431
25.2,733.737065,53.810985,-10.516946,0.014333,0.073338,53.33855756,-12.19848346,0.01662528,0.07269426
25.3,733.472655,53.990595,-10.228416,0.013945,0.07361,53.16003196,-12.15987284,0.01657326,0.07245414
25.4,734.337705,54.211005,-10.250216,0.013958,0.073823,53.01050255999999,-12.117250819999999,0.01651532,0.07225108
25.5,731.739705,53.586196,-10.540486,0.014405,0.073231,52.88703718000001,-12.07113,0.0164529,0.07208518000000001
25.6,736.299255,52.944505,-11.093116,0.015066,0.071906,52.77921398,-12.022768000000001,0.016386460000000002,0.07193546
25.7,733.316355,52.277916,-11.431246,0.015588,0.07129,52.6911944,-11.9585446,0.01629882,0.07181524
25.8,733.035135,52.295366,-11.628746,0.015864,0.071341,52.61672202,-11.881824400000001,0.01619428,0.0717141
25.9,733.784495,52.257306,-11.761286,0.016028,0.071216,52.57895622,-11.814488599999999,0.0161026,0.07166297999999999
26.0,734.299835,52.794216,-11.649626,0.015865,0.071897,52.59609662,-11.7592444,0.0160272,0.07168572000000001
26.1,734.128935,54.162005,-11.229036,0.015296,0.073777,52.673351399999994,-11.704995199999999,0.015953139999999998,0.0717903
26.2,732.968035,56.176665,-11.097436,0.01514,0.076643,52.80430938000001,-11.6623962,0.01589474,0.07196798
26.3,733.501425,57.140855,-11.875876,0.016191,0.077901,52.91866356,-11.6619366,0.01589404,0.07212356
26.4,733.962105,59.419845,-11.503076,0.015673,0.080958,52.99046956,-11.6840506,0.0159243,0.07222202
26.5,733.964565,63.121595,-11.046157,0.01505,0.086001,53.07999256,-11.71827562,0.01597086,0.0723435
26.6,734.910785,62.071365,-11.644687,0.015845,0.084461,53.17912116,-11.75874804,0.01602496,0.07247263999999999
26.7,734.035985,59.353875,-12.239386,0.016674,0.08086,53.26179076,-11.805899439999997,0.01608916,0.07258508
26.8,733.127915,59.901415,-12.553947,0.017124,0.081707,53.40612154,-11.846992859999999,0.01614568,0.07278426
26.9,734.170275,60.155445,-13.288937,0.018101,0.081937,53.59133052,-11.897495280000001,0.016213639999999998,0.0730326
27.0,733.277275,57.429655,-14.775486,0.02015,0.078319,53.7273941,-11.97691008,0.016322439999999997,0.07322047999999999
27.1,733.833405,55.126596,-15.974106,0.021768,0.075121,53.78772549999999,-12.09041788,0.01647696,0.07330188
27.2,734.160095,53.513926,-17.327066,0.023601,0.072891,53.77301672000001,-12.233640880000001,0.01667196,0.07328144
27.3,733.526325,51.430936,-17.875446,0.024369,0.070115,53.70480533999999,-12.383368679999998,0.01687634,0.0731898
27.4,733.232675,51.139066,-17.229656,0.023498,0.069745,53.64154636,-12.51174628,0.0170516,0.07310442
27.5,732.196775,54.474246,-15.369146,0.02099,0.074398,53.664904160000006,-12.593124480000002,0.01716308,0.07313794000000001
27.6,735.525805,58.293225,-14.258866,0.019386,0.079254,53.77538054000001,-12.63941948,0.01722526,0.0732848
27.7,733.054415,59.177235,-13.971776,0.01906,0.080727,53.92176632,-12.669334880000001,0.017266820000000002,0.07348762
27.8,735.395075,60.174855,-13.926077,0.018937,0.081827,54.1104233,-12.6832331,0.017285139999999997,0.07374192
27.9,732.676655,61.591215,-13.665917,0.018652,0.084063,54.344059879999996,-12.695491520000001,0.017302119999999997,0.07406175999999999
28.0,733.857195,63.358825,-13.331777,0.018167,0.086337,54.59743246,-12.71486634,0.01732864,0.07440752
28.1,733.518735,62.703255,-13.489097,0.01839,0.085483,54.808859840000004,-12.73690476,0.01735872,0.07469586
28.2,734.262255,61.454365,-14.130527,0.019245,0.083695,54.94846024,-12.785921179999997,0.01742552,0.0748861
28.3,734.759625,60.622485,-14.483687,0.019712,0.082507,55.066750240000005,-12.8446874,0.01750468,0.0750432
28.4,732.716615,59.804195,-14.506577,0.019798,0.08162,55.15278764000001,-12.896830419999999,0.01757666,0.0751645
28.5,735.448585,58.508895,-14.500146,0.019716,0.079555,55.20902424,-12.955893019999998,0.01765588,0.07523571999999999
28.6,733.079685,58.133365,-13.544536,0.018476,0.0793,55.24106224,-12.99318242,0.017707280000000002,0.07528198
28.7,733.234325,58.715315,-12.676766,0.017289,0.080077,55.283617840000005,-13.01080342,0.01773158,0.07534126000000001
28.8,734.355165,58.598895,-12.896346,0.017561,0.079796,55.33225084000001,-13.019000019999998,0.01774268,0.07540726
28.9,733.588235,59.799045,-13.236186,0.018043,0.081516,55.449370419999994,-13.01182862,0.01773334,0.07556862
29.0,734.188095,61.443735,-13.126297,0.017879,0.083689,55.6442376,-12.99047264,0.017704039999999997,0.07583326
29.1,732.605405,61.773265,-13.198127,0.018015,0.08432,55.904333779999995,-12.95903946,0.01766186,0.07619068
29.2,735.203545,62.436375,-13.041817,0.017739,0.084924,56.20460136,-12.93068408,0.01762214,0.07659534
29.3,733.271925,63.083105,-12.891837,0.017581,0.08603,56.516858739999996,-12.9118063,0.01759658,0.07702186
29.4,734.409215,63.243045,-13.115617,0.017859,0.086114,56.829080520000005,-12.905391119999999,0.01758748,0.07744567999999999
29.5,733.863645,61.178465,-13.779717,0.018777,0.083365,57.0872883,-12.917585139999998,0.01760412,0.07779762
29.6,734.383985,59.454955,-14.331497,0.019515,0.080959,57.30465228,-12.947035759999999,0.01764392,0.07809246
29.7,733.625005,58.242225,-14.752256,0.020109,0.07939,57.48183726,-12.99381496,0.01770786,0.07833470000000001
29.8,732.413535,57.246185,-15.106016,0.020625,0.078161,57.62680564,-13.06238576,0.017801499999999998,0.07853274
29.9,734.215895,57.390535,-15.170516,0.020662,0.078166,57.715482820000005,-13.14155936,0.017909519999999998,0.07865446000000001
30.0,733.921095,58.420155,-14.906146,0.02031,0.0796,57.820147999999996,-13.21902576,0.0180143,0.07879342
30.1,733.569955,58.736175,-14.817696,0.020199,0.080069,57.9273794,-13.299706960000002,0.018124480000000002,0.0789406
30.2,733.820235,59.452915,-14.374167,0.019588,0.081018,58.040217999999996,-13.37685138,0.018229580000000002,0.0790942
30.3,734.505655,62.207925,-13.914317,0.018944,0.084694,58.204564600000005,-13.4505694,0.01832956,0.07931587999999999
30.4,732.868705,61.824115,-14.160397,0.019322,0.084359,58.3568268,-13.52877302,0.01843684,0.0795266
30.5,734.185455,61.789755,-14.071897,0.019167,0.084161,58.52089798,-13.599401239999999,0.01853208,0.0797452
30.6,733.476035,61.211405,-14.317207,0.01952,0.083454,58.68623598,-13.66388306,0.018621159999999998,0.07997616
30.7,733.232395,60.535585,-14.626307,0.019948,0.08256,58.85138935999999,-13.727784280000002,0.01870836,0.08020156
30.8,733.670775,60.044635,-14.424057,0.01966,0.081841,59.00637474,-13.7836905,0.01878428,0.08041155999999999
30.9,734.995875,60.128275,-14.424037,0.019625,0.081808,59.163794120000006,-13.836945519999999,0.01885622,0.08062340000000001
31.0,733.616565,59.523015,-15.224767,0.020753,0.081136,59.2983701,-13.90844834,0.01895398,0.08080818
31.1,733.337215,57.239865,-16.173456,0.022055,0.078054,59.35992730000001,-14.007336740000001,0.01908916,0.08089372
31.2,733.779135,56.866615,-16.019686,0.021832,0.077498,59.3737263,-14.10578174,0.019223,0.08091082
31.3,734.249715,59.227625,-15.293017,0.020828,0.080664,59.41546170000001,-14.174124559999997,0.01931574,0.08096608
31.4,733.255575,58.703365,-16.048156,0.021886,0.080059,59.4011321,-14.26502616,0.01944,0.08094810000000001
31.5,734.419735,56.724985,-16.662106,0.022687,0.077238,59.2731999,-14.37734514,0.01959274,0.08077284000000001
31.6,733.744285,55.069186,-15.812776,0.021551,0.075052,59.13315632,-14.46070692,0.01970686,0.08058465999999999
31.7,734.313615,56.280215,-15.524596,0.021142,0.076643,59.07168312000001,-14.52641112,0.01979622,0.08050032
31.8,732.618375,56.428835,-15.885066,0.021683,0.077024,59.002231519999995,-14.5930335,0.0198874,0.08040666
31.9,734.314085,56.586835,-16.552936,0.022542,0.077061,58.930859319999996,-14.658313479999999,0.01997622,0.08030913999999999
32.0,733.371565,56.622455,-16.599656,0.022635,0.077208,58.914715320000006,-14.694796880000002,0.02002592,0.08028692
32.1,734.292175,57.555765,-16.533886,0.022517,0.078383,58.9632987,-14.705992479999999,0.0200409,0.08035216
32.2,734.146615,56.900795,-16.775326,0.02285,0.077506,59.03103608000001,-14.69495768,0.020025880000000003,0.08044446000000001
32.3,733.429345,56.128545,-16.575886,0.022601,0.076529,59.12498826,-14.668966480000002,0.019990519999999998,0.08057273999999999
32.4,733.866925,56.807505,-15.999176,0.021801,0.077408,59.238357040000004,-14.64435688,0.019956579999999998,0.08072599999999999
32.5,732.919295,56.686645,-15.908466,0.021706,0.077344,59.28260501999999,-14.655143279999999,0.0199709,0.08078491999999998
32.6,734.525345,56.713615,-15.708676,0.021386,0.077211,59.25101282,-14.684139479999999,0.0200109,0.08074405999999999
32.7,733.585405,56.673595,-15.397456,0.020989,0.077256,59.20094002,-14.71265308,0.02004948,0.08067464
32.8,733.460295,57.427815,-15.042986,0.02051,0.078297,59.14599922,-14.73499126,0.020080940000000002,0.08060404
32.9,733.899455,58.182935,-14.820876,0.020195,0.079279,59.07783362,-14.758090439999998,0.0201118,0.08050836
33.0,734.139595,58.895395,-14.824107,0.020192,0.080224,58.988565019999996,-14.78793704,0.020152299999999998,0.0803861
33.1,733.603775,59.327895,-14.871707,0.020272,0.080872,58.921057819999994,-14.81558924,0.020189939999999997,0.08029388000000001
33.2,733.096515,58.869765,-15.069576,0.020556,0.080303,58.869365820000006,-14.83437022,0.020216159999999997,0.08022604
33.3,734.423195,57.784195,-15.355666,0.020908,0.07868,58.81260002,-14.851809800000002,0.020240079999999997,0.08014950000000001
33.4,732.980315,57.404445,-15.202446,0.020741,0.078316,58.76460502,-14.86572718,0.02025894,0.08008342
33.5,733.495155,58.017255,-15.447056,0.02106,0.079097,58.75477221999999,-14.884665380000001,0.02028582,0.08007426000000001
33.6,733.830255,57.502395,-15.667536,0.02135,0.078359,58.742152819999994,-14.92712538,0.020343299999999998,0.08005544
33.7,734.005295,56.060365,-15.553486,0.02119,0.076376,58.68905382,-14.98465978,0.02042132,0.07998142
33.8,733.762505,55.157065,-14.750436,0.020102,0.07517,58.620217219999994,-15.02174158,0.02047214,0.0798889
33.9,734.062805,54.281866,-15.458956,0.021059,0.073947,58.50987364,-15.066196980000003,0.020532460000000002,0.07973752
34.0,732.344915,53.057496,-16.814346,0.02296,0.072449,58.34214886000001,-15.139957960000002,0.02063408,0.07951272000000001
34.1,733.744905,52.960746,-17.103746,0.02331,0.072179,58.165898479999996,-15.218070340000002,0.02073998,0.0792699
34.2,733.631645,53.796326,-16.525426,0.022526,0.073329,57.993097500000005,-15.28774252,0.02083572,0.079038
34.3,733.848535,55.323816,-16.062116,0.021888,0.075389,57.83791172,-15.3511481,0.02092186,0.07882518
34.4,733.680915,55.562096,-15.884896,0.021651,0.075731,57.684292740000004,-15.40653368,0.020997699999999998,0.07861752
34.5,733.758385,55.306066,-15.816376,0.021555,0.075374,57.566844759999995,-15.447266860000003,0.021053259999999997,0.0784577
34.6,734.353025,55.627565,-15.461766,0.021055,0.07575,57.49029696,-15.469872239999999,0.02108406,0.07835352000000001
34.7,732.049395,55.066226,-15.417366,0.021061,0.075222,57.42677697999999,-15.48317444,0.021103099999999996,0.07827016
34.8,734.758175,54.815056,-15.836506,0.021553,0.074603,57.37815439999999,-15.497784239999998,0.02112166,0.07819899999999999
34.9,733.615305,54.691496,-15.926726,0.02171,0.074551,57.32417361999999,-15.512908439999999,0.02114262,0.0781267
35.0,733.524005,54.749866,-15.993916,0.021804,0.07464,57.25076784,-15.53466384,0.021172499999999997,0.0780275
35.1,733.846965,55.285036,-15.973166,0.021766,0.075336,57.181745060000004,-15.55777324,0.02120384,0.07793284
35.2,733.587135,55.580066,-16.083176,0.021924,0.075765,57.10428808,-15.59195342,0.021250559999999998,0.07782778
35.3,733.981575,55.818065,-16.171676,0.022033,0.076048,56.97649088,-15.637100600000002,0.021312339999999996,0.07765486
35.4,733.513465,55.950816,-16.638586,0.022683,0.076278,56.8590249,-15.686664380000002,0.02137956,0.07749324
35.5,734.439205,55.869996,-17.173056,0.023383,0.076072,56.740629719999994,-15.74868756,0.02146388,0.07733145999999999
35.6,732.993145,55.258346,-16.481126,0.022485,0.075387,56.62156854,-15.79196594,0.021523179999999996,0.07717012000000001
35.7,734.240725,55.406296,-15.923166,0.021687,0.075461,56.51898276,-15.817903119999999,0.02155796,0.07702814
35.8,733.809335,55.786585,-15.235106,0.020762,0.076023,56.43382176,-15.834124100000002,0.021580000000000002,0.07691178
35.9,734.077945,57.007205,-15.949596,0.021727,0.077658,56.371400359999996,-15.86463528,0.02162204,0.07682878
36.0,733.673595,57.895175,-16.017806,0.021832,0.078911,56.338843559999994,-15.88049606,0.021643620000000002,0.07678428
36.1,732.884355,59.529455,-14.286456,0.019493,0.081226,56.38463535999999,-15.84275606,0.02159238,0.07684772
36.2,735.579345,61.231045,-13.020497,0.017701,0.083242,56.47192396,-15.78277228,0.02150976,0.0769626
36.3,733.083555,60.515465,-12.442817,0.016973,0.082549,56.497680759999994,-15.725768280000002,0.021432660000000003,0.0770003
36.4,733.551105,61.474885,-11.508557,0.015689,0.083805,56.55311116,-15.6349763,0.021308719999999996,0.07707522
36.5,734.503525,62.766655,-11.176457,0.015216,0.085455,56.67394456,-15.525263319999999,0.021159300000000002,0.07723956
36.6,733.645175,62.816265,-11.912337,0.016237,0.085622,56.82888614,-15.447254540000001,0.021053020000000006,0.07745096
36.7,734.897235,63.195675,-11.979767,0.016301,0.085993,56.967195339999996,-15.37635796,0.020956199999999998,0.07763796
36.8,731.609365,62.192095,-12.336637,0.016862,0.085007,57.08246054,-15.30538938,0.020859779999999998,0.07779762
36.9,735.439215,60.464015,-12.548327,0.017062,0.082215,57.16000414,-15.2252972,0.02075018,0.0779007
37.0,732.780865,60.446135,-13.485957,0.018404,0.082489,57.23647774,-15.16302322,0.02066556,0.07800632
37.1,733.846935,60.900265,-14.038897,0.019131,0.082988,57.30336773999999,-15.113123439999999,0.02059784,0.07809842
37.2,733.508315,58.881445,-14.164256,0.01931,0.080274,57.342980739999994,-15.060902039999998,0.020527040000000003,0.07815378
37.3,733.696855,58.614125,-13.225646,0.018026,0.079889,57.39269234,-14.993897239999999,0.02043554,0.07822098000000001
37.4,732.916005,61.766115,-12.012077,0.016389,0.084274,57.491864539999995,-14.91415526,0.0203273,0.0783583
37.5,734.264955,64.583715,-11.399157,0.015525,0.087957,57.64980594000001,-14.82396908,0.020203679999999998,0.07857056
37.6,733.298035,65.510485,-11.292267,0.015399,0.089337,57.82574334,-14.7356409,0.02008394,0.07881308
37.7,734.364595,65.851335,-11.223287,0.015283,0.089671,58.00929814,-14.652157520000001,0.01996982,0.07906138
37.8,734.151335,65.533495,-11.311067,0.015407,0.089264,58.171411739999996,-14.577519140000001,0.01986776,0.07928072
37.9,733.083705,65.077965,-10.934827,0.014916,0.088773,58.309312340000005,-14.499798160000001,0.01976218,0.0794706
38.0,735.185545,65.442265,-10.802087,0.014693,0.089015,58.44024974,-14.41935776,0.019652199999999998,0.07964642000000001
38.1,731.485465,65.095375,-10.516767,0.014377,0.088991,58.55559934000001,-14.332258959999999,0.0195343,0.07980880000000001
38.2,734.459705,63.459145,-11.069867,0.015072,0.086402,58.64738694,-14.25226478,0.01942462,0.07993077999999999
38.3,733.084835,60.440265,-11.998197,0.016367,0.082446,58.700508340000006,-14.185115399999999,0.0193338,0.0800061
38.4,734.399675,60.556085,-12.842277,0.017487,0.082457,58.76354114,-14.137912019999998,0.019268720000000003,0.08008892
38.5,733.977705,59.923685,-12.619427,0.017193,0.081642,58.80166974000001,-14.081359440000002,0.01919138,0.08013982
38.6,733.807225,60.161005,-12.532227,0.017078,0.081985,58.85484194000001,-14.018653259999999,0.01910594,0.08021234
38.7,733.028775,59.803265,-12.442036,0.016973,0.081584,58.92969994,-13.95642426,0.0190216,0.08031650000000001
38.8,734.209085,60.440625,-12.397947,0.016886,0.082321,59.035371139999995,-13.909374480000002,0.01895728,0.08045951999999999
38.9,733.813065,61.371835,-12.023337,0.016385,0.083634,59.17717052,-13.8406621,0.0188638,0.08065326
39.0,733.096955,61.806215,-11.845107,0.016158,0.084308,59.352144900000006,-13.74127732,0.01872776,0.08089044
39.1,733.948945,63.037655,-11.580067,0.015778,0.085888,59.55368308,-13.63080374,0.01857712,0.08116462
39.2,733.310205,63.332045,-11.560167,0.015764,0.086365,59.74439746,-13.53149856,0.01844188,0.08142534
39.3,734.517115,64.287425,-11.339167,0.015438,0.087523,59.92366964,-13.43703958,0.01831288,0.08166802000000001
39.4,732.482085,64.909325,-11.743607,0.016033,0.088616,60.110614219999995,-13.354213800000002,0.01820052,0.08192572000000001
39.5,735.764955,64.931875,-12.699387,0.01726,0.088251,60.3031304,-13.29187402,0.018114619999999998,0.08218326
39.6,733.178105,62.200845,-14.140587,0.019287,0.084837,60.434596,-13.265450440000002,0.01807926,0.08236500000000001
39.7,733.356295,60.873755,-14.470087,0.019731,0.083007,60.55074658,-13.24650486,0.018052659999999998,0.0825207
39.8,734.856805,60.683915,-14.199927,0.019323,0.082579,60.66812376,-13.21377328,0.018008060000000003,0.08268021999999998
39.9,733.928515,59.707145,-14.751857,0.0201,0.081353,60.768436740000006,-13.190275900000001,0.01797586,0.08281625999999999
40.0,732.672955,59.364375,-14.996756,0.020469,0.081024,60.860726920000005,-13.170332700000001,0.01794916,0.08294394
40.1,733.945865,59.942925,-14.972157,0.0204,0.081672,60.953884699999996,-13.15031252,0.01792184,0.08307066
40.2,733.163875,61.963045,-14.268677,0.019462,0.084515,61.081544279999996,-13.11402254,0.0178726,0.08324565999999999
40.3,733.576805,62.323325,-13.998897,0.019083,0.084958,61.21164948,-13.070566959999999,0.0178136,0.08342385999999999
40.4,733.392855,63.494155,-13.488627,0.018392,0.086576,61.36251626,-13.007567779999999,0.01772778,0.08362982000000001
40.5,734.927135,66.195055,-12.782997,0.017394,0.09007,61.569017439999996,-12.9197666,0.017608000000000002,0.08390978
40.6,734.368485,66.312115,-12.697447,0.01729,0.090298,61.79009282,-12.84409302,0.0175041,0.084208
40.7,731.585405,63.272905,-13.116207,0.017928,0.086487,61.947424999999996,-12.78795384,0.01742892,0.08442851999999998
40.8,734.494835,60.841535,-14.154087,0.019271,0.082835,62.048524,-12.766333459999998,0.0173991,0.08456476
40.9,733.955365,59.989625,-14.045917,0.019137,0.081735,62.1081724,-12.728259880000001,0.0173473,0.0846463
41.0,733.294815,59.891535,-13.711627,0.018699,0.081675,62.1480996,-12.6821363,0.01728464,0.08470158
41.1,733.918925,59.324025,-13.287246,0.018105,0.080832,62.14399100000001,-12.6621521,0.017256880000000002,0.0846937
41.2,734.388245,59.344255,-13.399517,0.018246,0.080808,62.10625520000001,-12.669732499999999,0.01726778,0.08464502
41.3,733.501595,59.036145,-14.355046,0.019571,0.080485,62.07666880000001,-12.70797708,0.01731974,0.08460374
41.4,733.960145,58.632415,-13.220476,0.018013,0.079885,62.0198194,-12.74221546,0.017366219999999998,0.08452534
41.5,733.797435,58.759775,-12.154616,0.016564,0.080076,61.93968180000001,-12.76177864,0.017393179999999998,0.08441776000000001
41.6,733.838375,57.991565,-11.819926,0.016107,0.079025,61.843187799999995,-12.759930419999998,0.01739058,0.08428582000000001
41.7,734.123485,56.690045,-11.548326,0.015731,0.077221,61.713075200000006,-12.7513016,0.01737918,0.08411038
41.8,733.109585,55.661425,-11.190456,0.015264,0.075925,61.582461800000004,-12.72837798,0.01734722,0.08392874
41.9,732.460895,56.932265,-10.264666,0.014014,0.077727,61.5118268,-12.682704760000002,0.01728626,0.08383898000000001
42.0,734.024165,57.649445,-10.308346,0.014044,0.078539,61.455892999999996,-12.61915254,0.01719906,0.08375998
42.1,734.847085,57.314475,-10.548466,0.014355,0.077995,61.3841772,-12.549343920000002,0.01710354,0.08366012000000002
42.2,733.014335,58.020135,-10.508126,0.014335,0.079153,61.366951,-12.47622132,0.01700404,0.08363770000000001
42.3,734.301085,58.833725,-10.750506,0.01464,0.080122,61.371342999999996,-12.426718520000001,0.01693632,0.08364236000000001
42.4,734.230695,58.074965,-11.549286,0.01573,0.079096,61.297520000000006,-12.417462699999998,0.01692314,0.0835388
42.5,733.054955,57.515645,-11.726266,0.015996,0.07846,61.1561586,-12.42400488,0.01693256,0.08334886000000001
42.6,734.185975,58.803215,-11.928386,0.016247,0.080093,61.0220132,-12.43672726,0.01694952,0.08316398
42.7,732.913585,58.223525,-12.128016,0.016548,0.079441,60.869457000000004,-12.45482184,0.01697482,0.08295938
42.8,733.365155,57.967835,-12.149406,0.016567,0.079044,60.71814380000001,-12.47158862,0.01699802,0.08275498
42.9,734.176845,58.684515,-11.928256,0.016247,0.079932,60.590274799999996,-12.4914572,0.01702464,0.08257816
43.0,733.717725,58.897665,-12.261336,0.016711,0.080273,60.4593828,-12.52064218,0.017065,0.08240332
43.1,733.247115,58.915255,-12.328036,0.016813,0.080348,60.3357804,-12.55686756,0.017113720000000002,0.08223046
43.2,733.889125,58.699345,-12.394146,0.016888,0.079984,60.240584399999996,-12.58335314,0.01715004,0.0821021
43.3,734.445175,58.583165,-12.306336,0.016756,0.079765,60.20344239999999,-12.589515919999998,0.01715782,0.08204848000000001
43.4,733.065435,57.825625,-12.439536,0.016969,0.078882,60.1488332,-12.581461100000002,0.01714746,0.08197697999999999
43.5,735.145515,57.989165,-12.618866,0.017165,0.078881,60.11014279999999,-12.581449879999997,0.0171469,0.08192176
43.6,733.517695,57.724055,-12.865076,0.017539,0.078695,60.0614038,-12.58810686,0.01715612,0.08185596
43.7,733.410625,57.622805,-13.066566,0.017816,0.078568,60.017794599999995,-12.60059746,0.01717298,0.08179563999999999
43.8,733.941375,57.188165,-13.242346,0.018043,0.077919,59.952745400000005,-12.617485439999998,0.01719612,0.08170759999999999
43.9,734.245955,56.277025,-13.550186,0.018455,0.076646,59.85084919999999,-12.64802242,0.01723752,0.08156784
44.0,733.051815,55.442005,-13.592946,0.018543,0.075632,59.72356500000001,-12.6829792,0.01728522,0.08139432
44.1,732.962585,55.463255,-13.392816,0.018272,0.07567,59.572077,-12.71923418,0.017335100000000003,0.08118995999999999
44.2,733.545085,56.834785,-12.796976,0.017445,0.07748,59.4421318,-12.74397036,0.01736872,0.08101226
44.3,733.232025,57.627005,-12.532346,0.017092,0.078593,59.308923400000005,-12.767833940000001,0.0174018,0.08083366
44.4,733.587585,58.558715,-12.422566,0.016934,0.079825,59.1819112,-12.78141312,0.01741982,0.08065784000000001
44.5,733.943795,59.490205,-12.356127,0.016835,0.081056,59.0730778,-12.77454792,0.01741132,0.08051394
44.6,733.236585,58.913035,-12.468076,0.017004,0.080347,59.0073216,-12.741097700000001,0.01736566,0.08042413999999999
44.7,731.796725,57.401935,-12.821606,0.017521,0.07844,58.937885200000004,-12.708128080000002,0.01732146,0.0803328
44.8,735.733405,57.098215,-12.993186,0.01766,0.077607,58.86617120000001,-12.68399326,0.017288199999999997,0.08023336
44.9,733.662505,55.999725,-13.371956,0.018226,0.076329,58.7920228,-12.65639524,0.01725072,0.08013287999999999
45.0,732.293975,55.361145,-13.503616,0.01844,0.0756,58.7119582,-12.626532439999998,0.01721014,0.0800244
45.1,735.557195,54.800675,-13.385186,0.018197,0.074502,58.6091132,-12.59479302,0.01716608,0.07988100000000001
45.2,733.783515,54.974605,-13.142106,0.01791,0.074919,58.4693444,-12.5722616,0.01713504,0.07968908
45.3,734.849285,56.522745,-12.964316,0.017642,0.076917,58.353332800000004,-12.551569980000002,0.01710622,0.07952826
45.4,731.743215,57.817705,-12.880836,0.017603,0.079014,58.2398038,-12.53941416,0.01709044,0.07937701999999999
45.5,735.785645,61.277025,-12.438417,0.016905,0.083281,58.141443200000005,-12.53252256,0.017080659999999998,0.07924124
45.6,732.576665,61.225885,-12.484597,0.017042,0.083576,58.03971859999999,-12.52826556,0.0170757,0.0791068
45.7,734.470975,61.311645,-12.525247,0.017053,0.083477,58.0004934,-12.51644636,0.017058200000000003,0.0790466
45.8,733.931905,60.495055,-12.989447,0.017698,0.082426,57.993563800000004,-12.493153560000001,0.01702674,0.07903842
45.9,734.727185,61.089715,-13.124907,0.017864,0.083146,58.0155656,-12.47473336,0.01700128,0.07906664000000001
46.0,733.137815,62.469355,-13.038847,0.017785,0.085208,58.067122,-12.46127776,0.016982999999999998,0.07913730000000001
46.1,733.689515,65.853925,-13.101217,0.017857,0.089757,58.19772,-12.457557179999998,0.01697804,0.0793158
46.2,731.862105,66.600945,-12.839767,0.017544,0.091002,58.3428538,-12.446362180000001,0.016964,0.07951968
46.3,732.974375,65.278475,-12.824777,0.017497,0.08906,58.46770039999999,-12.415756800000002,0.01692252,0.07969118
46.4,734.873515,64.198745,-12.666447,0.017236,0.08736,58.579026999999996,-12.404676219999999,0.016906980000000002,0.07984068
46.5,733.070655,62.884925,-12.889727,0.017583,0.085783,58.66152999999999,-12.419378440000001,0.01692736,0.07995482
46.6,733.450485,61.679195,-12.996757,0.01772,0.084095,58.7352826,-12.44291506,0.016959619999999998,0.08005622000000001
46.7,733.983875,60.152645,-13.638217,0.018581,0.081954,58.804534600000004,-12.484712880000002,0.01701662,0.08015088000000001
46.8,733.593135,61.390775,-14.331947,0.019537,0.083685,58.9191216,-12.547542700000001,0.01710208,0.08030608
46.9,733.907395,62.710235,-12.865527,0.01753,0.085447,59.034681,-12.599559919999999,0.0171724,0.08046047999999999
47.0,734.020015,63.908335,-11.621577,0.015833,0.087066,59.1598588,-12.625824539999998,0.01720818,0.08063102000000001
47.1,733.635195,64.921125,-10.979777,0.014966,0.088492,59.311991799999994,-12.63445076,0.0172204,0.08084096
47.2,734.287245,64.825535,-10.825977,0.014744,0.088284,59.4480998,-12.64080778,0.01722858,0.08102357999999998
47.3,732.499235,63.632335,-10.869347,0.014839,0.08687,59.544072,-12.6431846,0.017232559999999997,0.08115854
47.4,735.160785,62.711505,-10.933237,0.014872,0.085303,59.6368028,-12.63086362,0.017215400000000002,0.08128268
47.5,732.556515,61.968955,-11.133357,0.015198,0.084593,59.725869,-12.61900544,0.01719944,0.08140534
47.6,734.008245,62.390805,-11.018787,0.015012,0.085,59.797620800000004,-12.60081346,0.01717474,0.08150348000000002
47.7,734.244205,61.777795,-11.127357,0.015155,0.084138,59.8687062,-12.580800279999998,0.01714688,0.08159741999999999
47.8,733.561925,60.345715,-11.833596,0.016132,0.082264,59.916263799999996,-12.57448408,0.01713818,0.08166182
47.9,732.832915,59.413445,-11.896806,0.016234,0.081074,59.9308424,-12.573855080000001,0.01713792,0.08168466
48.0,734.700725,61.560705,-11.322707,0.015411,0.08379,59.9841032,-12.555082500000001,0.01711192,0.081755
48.1,734.014835,64.730745,-10.394877,0.014162,0.088187,60.100412999999996,-12.51641932,0.0170589,0.08191178
48.2,733.541085,65.916145,-10.352167,0.014113,0.08986,60.244749,-12.47557974,0.017003400000000002,0.0821093
48.3,734.226035,66.368455,-10.908557,0.014857,0.090392,60.4004548,-12.44762416,0.01696542,0.08232183999999998
48.4,733.149705,65.946505,-11.199717,0.015276,0.08995,60.5628724,-12.42282778,0.016931560000000002,0.08254320000000001
48.5,733.837925,65.231925,-11.733827,0.01599,0.088891,60.707727600000005,-12.405127,0.01690806,0.08274340000000001
48.6,732.930525,63.363265,-12.486047,0.017036,0.086452,60.820511800000006,-12.397546420000001,0.016898,0.08289854
48.7,733.445625,63.977915,-12.467277,0.016998,0.087229,60.947614,-12.385560640000001,0.01688164,0.08307176
48.8,733.724375,63.957445,-12.666517,0.017263,0.087168,61.0829996,-12.374044060000001,0.01686604,0.08325674000000001
48.9,734.198645,62.770905,-12.884257,0.017549,0.085496,61.2128772,-12.36072548,0.016847920000000002,0.08343374
49.0,733.333735,61.343425,-12.927927,0.017629,0.08365,61.330905599999994,-12.3474251,0.01682964,0.08359409999999999
49.1,733.684955,62.081975,-12.326717,0.016801,0.084617,61.463280000000005,-12.32610312,0.016800219999999998,0.08377304000000001
49.2,733.088075,64.137895,-12.154717,0.01658,0.08749,61.6093422,-12.313257940000002,0.01678292,0.08397324
49.3,733.581365,65.605435,-11.890047,0.016208,0.089432,61.76891079999999,-12.300411960000002,0.01676524,0.08419001999999999
49.4,734.868255,66.457325,-12.266387,0.016692,0.090434,61.926883,-12.29728838,0.016760399999999998,0.0844022
49.5,732.994505,66.456725,-11.600137,0.015826,0.090665,62.06621340000001,-12.282168579999997,0.01674022,0.08459438000000001
49.6,732.900715,66.437315,-11.532767,0.015736,0.09065,62.216699,-12.263462399999998,0.016714859999999998,0.08480044000000002
49.7,734.885945,66.504145,-11.465157,0.015601,0.090496,62.3987432,-12.23633342,0.01667646,0.08504156
49.8,732.526245,66.513795,-11.667437,0.015928,0.090801,62.5870548,-12.209818440000001,0.01664182,0.08530544000000001
49.9,733.038045,66.933005,-11.507297,0.015698,0.091309,62.8057204,-12.17252526,0.01659126,0.08560504
50.0,733.803775,66.116735,-12.333697,0.016808,0.090101,63.020832199999994,-12.14912688,0.01655862,0.08589506
50.1,734.607425,64.413415,-12.951957,0.017631,0.087684,63.213086999999994,-12.140462300000001,0.0165473,0.0861587
50.2,733.047155,63.735495,-12.952217,0.017669,0.086946,63.38830479999999,-12.13666452,0.01654248,0.08639924
50.3,733.996985,65.065525,-12.712407,0.017319,0.088645,63.5591604,-12.13162634,0.01653602,0.0866338
50.4,734.572735,66.469975,-12.913987,0.01758,0.090488,63.7322058,-12.13228936,0.01653556,0.08686328
50.5,732.042565,65.508955,-13.226227,0.018068,0.089488,63.8168444,-12.14804556,0.016558820000000002,0.08698742
50.6,735.121015,63.973015,-13.667857,0.018593,0.087024,63.871787000000005,-12.171710759999998,0.01658984,0.08705638
50.7,733.643705,63.156105,-13.778097,0.01878,0.086086,63.9086762,-12.19676776,0.016624379999999998,0.08710856
50.8,733.503755,62.581715,-13.800697,0.018815,0.085319,63.9504094,-12.212992759999999,0.01664672,0.08716642000000001
50.9,734.332265,63.497935,-13.359167,0.018192,0.08647,63.9985738,-12.217677960000001,0.01665328,0.08723289999999999
51.0,733.379985,62.244465,-13.825227,0.018851,0.084873,63.99407599999999,-12.23340556,0.016674599999999998,0.08722619999999999
51.1,734.011945,60.625485,-13.777107,0.01877,0.082595,63.8895072,-12.24692336,0.01669286,0.08708296
51.2,734.119805,59.519445,-13.684427,0.018641,0.081076,63.74787719999999,-12.26381656,0.016714800000000002,0.08688444
51.3,733.256815,59.224535,-13.129656,0.017906,0.080769,63.626798400000006,-12.26991414,0.016722980000000002,0.08671862
51.4,734.672775,60.305515,-12.197757,0.016603,0.082085,63.54893380000001,-12.26054034,0.01671032,0.08661312
51.5,732.519565,59.345795,-12.509886,0.017078,0.081016,63.4781512,-12.25294352,0.016700219999999998,0.08651778
51.6,735.009715,59.868655,-12.509457,0.017019,0.081453,63.4419404,-12.24319752,0.016686199999999998,0.08646493999999999
51.7,733.108355,59.664455,-12.467006,0.017006,0.081386,63.432176600000005,-12.2197733,0.016654699999999998,0.08645358
51.8,733.716835,60.220995,-12.379377,0.016872,0.082077,63.408781,-12.180721899999998,0.016601400000000002,0.08642142
51.9,733.617035,61.331055,-12.026967,0.016394,0.083601,63.3811974,-12.163950700000001,0.01657868,0.08638449999999999
52.0,734.050975,62.008355,-11.628627,0.015842,0.084474,63.3431978,-12.164091700000002,0.01657886,0.08633265999999999
52.1,733.357615,60.458235,-12.204717,0.016642,0.08244,63.25394,-12.1885905,0.01661238,0.08621162
52.2,733.593595,58.674615,-12.776096,0.017416,0.079982,63.1309216,-12.22759288,0.01666582,0.08604558000000001
52.3,734.330055,57.269905,-13.150076,0.017908,0.077989,63.003673,-12.273207459999998,0.0167272,0.08586796
52.4,732.176435,56.232665,-13.325976,0.0182,0.076802,62.874096200000004,-12.321062240000002,0.01679376,0.08569794
52.5,733.861515,57.250375,-12.949456,0.017646,0.078013,62.7797246,-12.357384219999998,0.01684272,0.08556633999999999
52.6,733.050725,58.988675,-12.821896,0.017491,0.08047,62.711682,-12.3934464,0.0168923,0.08547574
52.7,734.443515,59.943175,-12.778377,0.017399,0.081617,62.674989599999996,-12.4264668,0.01693718,0.08542532000000001
52.8,733.244445,59.144315,-13.178476,0.017973,0.080661,62.6509616,-12.4533644,0.016974,0.08539325999999998
52.9,734.101305,58.114415,-13.708566,0.018674,0.079164,62.624981,-12.489599599999998,0.017022799999999998,0.08535506
53.0,733.062015,56.920755,-14.106786,0.019244,0.077648,62.532182000000006,-12.54528118,0.01709946,0.08523222000000001
53.1,734.493685,57.181545,-14.261546,0.019417,0.077852,62.381198000000005,-12.622614559999999,0.01720456,0.08502552
53.2,732.239615,57.254585,-14.041696,0.019176,0.078191,62.2079668,-12.69640514,0.01730582,0.08479214
53.3,734.622515,57.483555,-13.747986,0.018714,0.078249,62.0302688,-12.753193720000002,0.01738296,0.08454928
53.4,733.464095,57.047875,-13.348316,0.018199,0.077779,61.8522962,-12.7961657,0.01744142,0.08430586
53.5,733.698885,57.681595,-13.307006,0.018137,0.078618,61.7012896,-12.827629280000002,0.01748436,0.0841004
53.6,734.177835,58.989995,-13.131626,0.017886,0.080348,61.613824199999996,-12.840540859999999,0.01750136,0.08397832
53.7,732.826255,59.797245,-12.979707,0.017712,0.081598,61.53021079999999,-12.850789459999998,0.017515640000000002,0.0838657
53.8,733.921245,60.496735,-12.559387,0.017113,0.082429,61.4609966,-12.848646859999999,0.01751264,0.08377092
53.9,734.016465,60.516625,-12.581747,0.017141,0.082446,61.415910999999994,-12.842596660000002,0.01750448,0.08370992
54.0,734.233645,59.667355,-12.515027,0.017045,0.081265,61.382389599999996,-12.834338659999998,0.0174928,0.08366222000000001
54.1,733.964965,57.429545,-12.755846,0.017379,0.078246,61.28934099999999,-12.842921239999999,0.01750436,0.08353479999999999
54.2,732.932665,55.374515,-14.376826,0.019615,0.075552,61.11407340000001,-12.88736342,0.01756506,0.08329604
54.3,731.953085,52.366156,-14.281506,0.019512,0.071543,60.84928782,-12.9351926,0.01763114,0.08293826000000001
54.4,735.316315,50.505746,-13.625646,0.01853,0.068686,60.53025624,-12.962377779999999,0.0176679,0.0825033
54.5,732.633625,48.622716,-12.983236,0.017721,0.066367,60.173576059999995,-12.990039760000002,0.0177058,0.08201734
54.6,733.493455,47.519936,-12.760316,0.017397,0.064786,59.795228480000006,-13.014590740000001,0.01773902,0.08150006
54.7,733.450015,46.927616,-12.626306,0.017215,0.063982,59.4036979,-13.03781372,0.0177713,0.08096978
54.8,733.459145,47.046316,-12.626436,0.017215,0.064143,59.014348319999996,-13.0569937,0.01779704,0.08043662
54.9,732.424275,48.345756,-12.894916,0.017606,0.066008,58.64260334000001,-13.08474608,0.0178352,0.0799306
55.0,734.715365,49.916986,-12.827506,0.017459,0.067941,58.31860836,-13.09462226,0.017848219999999998,0.0794874
55.1,733.941315,53.222956,-12.144766,0.016547,0.072517,58.09479918,-13.07847844,0.01782654,0.07918405999999999
55.2,732.349375,55.210276,-14.863856,0.020296,0.075388,57.924294800000006,-13.116711220000003,0.017879080000000002,0.0789529
55.3,733.412565,57.584765,-12.930936,0.017631,0.078516,57.774679600000006,-13.121081799999999,0.01788532,0.07875032
55.4,734.181805,60.010685,-11.734567,0.015983,0.081738,57.6454938,-13.097493400000001,0.01785338,0.07857532
55.5,734.461155,58.557725,-10.580406,0.014406,0.079729,57.5064692,-13.044576980000002,0.01778014,0.07838014
55.6,732.174165,55.512545,-9.683876,0.013226,0.075819,57.3372598,-12.96489736,0.0176728,0.07815604000000001
55.7,735.238415,52.610395,-10.280266,0.013982,0.071556,57.12634559999999,-12.89494074,0.01757684,0.07786544000000001
55.8,733.458075,49.427196,-11.616406,0.015838,0.067389,56.86325522,-12.85125492,0.0175173,0.07750684
55.9,733.086315,47.437696,-12.604236,0.017193,0.06471,56.54205044,-12.836156299999997,0.01749732,0.07707164
56.0,734.205805,48.870026,-14.360726,0.01956,0.066562,56.274561659999996,-12.846866279999999,0.017511500000000003,0.07670542
56.1,731.705715,51.846916,-14.559686,0.019898,0.070858,56.098990279999995,-12.86251786,0.01753406,0.07647068
56.2,735.941255,55.112135,-14.013336,0.019041,0.074887,56.010844080000005,-12.869096039999999,0.017542059999999998,0.0763469
56.3,731.928455,57.854425,-13.280626,0.018145,0.079044,55.98344188,-12.87211544,0.017546839999999998,0.0763124
56.4,735.518005,61.532495,-12.464487,0.016947,0.083659,56.00798148,-12.877450040000001,0.01755372,0.07634388
56.5,733.757885,61.864865,-12.220467,0.016655,0.084312,56.058362880000004,-12.87166166,0.01754526,0.0764098
56.6,733.333085,61.343645,-12.884587,0.01757,0.08365,56.08786268,-12.87916426,0.01755628,0.07645373999999999
56.7,733.819595,61.486595,-12.551897,0.017105,0.08379,56.12430548,-12.88086208,0.017558260000000003,0.07650182
56.8,733.816335,61.445495,-12.771337,0.017404,0.083734,56.14879548,-12.88870128,0.0175689,0.07653496
56.9,734.029095,61.839235,-13.039827,0.017765,0.084246,56.15895908,-12.908958479999999,0.017596320000000002,0.07654786
57.0,732.962135,61.458245,-13.238227,0.018061,0.083849,56.14795688,-12.94115048,0.0176407,0.07653536
57.1,733.600385,60.031765,-13.811557,0.018827,0.081832,56.13942748,-12.97328728,0.0176844,0.0765232
57.2,733.436405,60.271705,-13.455967,0.018346,0.082177,56.17136928,-12.986884700000001,0.017703,0.0765671
57.3,733.482665,63.206205,-12.574337,0.017143,0.086173,56.290095279999996,-12.97536992,0.0176877,0.07673078
57.4,734.044205,64.452435,-12.733517,0.017347,0.087805,56.45449068,-12.96352074,0.01767064,0.07695083999999999
57.5,733.705645,62.662715,-13.750987,0.018742,0.085406,56.562737479999996,-12.97955136,0.01769256,0.0770987
57.6,732.815155,62.085545,-13.858817,0.018912,0.084722,56.62467487999999,-13.000289780000001,0.01772098,0.07718374
57.7,734.400835,65.498825,-13.068957,0.017795,0.089187,56.73578788,-13.00610138,0.017728900000000002,0.07733514000000001
57.8,733.351465,66.526065,-12.761467,0.017402,0.090715,56.88342288,-12.9977612,0.01771748,0.07753622
57.9,734.317465,65.560295,-12.822747,0.017462,0.089281,57.03234048,-12.98004482,0.017693240000000002,0.07773856
58.0,732.800255,65.514135,-12.915947,0.017625,0.089402,57.20420808,-12.956228040000001,0.01766086,0.07797364
58.1,734.932495,66.311175,-13.093187,0.017815,0.090228,57.38680067999999,-12.93286086,0.01762882,0.07822116
58.2,733.988045,66.422215,-13.541187,0.018449,0.090495,57.57015327999999,-12.922850680000002,0.01761428,0.07846724
58.3,732.603465,65.547415,-13.539227,0.018481,0.089472,57.73143048,-12.918675499999999,0.017609620000000003,0.0786917
58.4,734.132055,64.622425,-13.605117,0.018532,0.088026,57.88292147999999,-12.92381152,0.01761628,0.07889664
58.5,733.734755,65.628835,-13.675127,0.018638,0.089445,58.041866279999994,-12.93117394,0.017626299999999998,0.07911317999999999
58.6,734.132075,63.451815,-14.067927,0.019163,0.086431,58.13110268,-12.94989996,0.017651840000000002,0.07923484
58.7,733.367185,60.761775,-13.839817,0.018872,0.082853,58.15039328000001,-12.967102160000001,0.01767504,0.07925994
58.8,733.281735,60.822985,-13.595277,0.01854,0.082946,58.15691828,-12.987819960000001,0.01770358,0.07927028
58.9,734.684155,61.820285,-13.195617,0.017961,0.084145,58.18299148,-13.00009736,0.01771998,0.07930426
59.0,732.500915,61.596375,-13.041677,0.017804,0.084091,58.22157188,-13.01063036,0.01773516,0.07936078
59.1,734.811825,62.161035,-12.729337,0.017323,0.084594,58.316201680000006,-13.010100180000002,0.017734040000000003,0.07948774
59.2,733.691365,62.238015,-12.550827,0.017106,0.084829,58.45347167999999,-12.973580199999999,0.01768386,0.07967328
59.3,733.180955,62.910315,-12.373637,0.016877,0.085805,58.66435486,-12.93542282,0.01763116,0.07995852
59.4,733.722375,65.011755,-11.978527,0.016326,0.088605,58.95447504,-12.90248044,0.017587079999999998,0.08035690000000001
59.5,734.212675,66.477415,-11.935567,0.016256,0.090542,59.31156902,-12.881527059999998,0.017557780000000002,0.08084039999999999
59.6,733.297915,66.792315,-11.758097,0.016035,0.091085,59.6970166,-12.86148268,0.01753054,0.08136638
59.7,734.661375,67.428755,-11.849817,0.01613,0.091782,60.107039379999996,-12.8459529,0.01750884,0.08192238
59.8,732.927905,67.025495,-11.986857,0.016355,0.091449,60.50662296,-12.833161319999999,0.017491640000000003,0.0824685
59.9,734.136045,65.717875,-12.739357,0.017353,0.089517,60.85406534,-12.83005014,0.01748658,0.08293868
